customer_id,spending_band,typical_amount,amount_std,preferred_merchant_ids,preferred_categories,typical_device_ids,typical_location,hour_profile,typical_hour_start,typical_hour_end,txns_per_week
C0001,low,571.93,200.18,"[""M0044"", ""M0023"", ""M0018"", ""M0119""]","[""Food Delivery"", ""Fashion""]","[""D00001""]",Mumbai,morning_person,7,11,3.0
C0002,low,352.99,123.55,"[""M0015"", ""M0087"", ""M0119"", ""M0134""]","[""Fashion"", ""Travel""]","[""D00002""]",Delhi,evening_shopper,18,22,4.2
C0003,medium,2377.4,832.09,"[""M0020"", ""M0010"", ""M0109""]","[""Entertainment"", ""Grocery""]","[""D00003""]",Mumbai,morning_person,7,11,5.7
C0004,low,413.95,144.88,"[""M0034"", ""M0001"", ""M0066"", ""M0035"", ""M0089"", ""M0032""]","[""Fuel"", ""Utilities""]","[""D00004"", ""D00005"", ""D00006""]",Mumbai,evening_shopper,18,22,2.2
C0005,medium,1591.75,557.11,"[""M0029"", ""M0034"", ""M0005"", ""M0023"", ""M0065"", ""M0120"", ""M0128"", ""M0030"", ""M0024""]","[""Fuel"", ""Fashion"", ""Electronics"", ""E-commerce""]","[""D00007"", ""D00008"", ""D00009""]",Pune,evening_shopper,18,22,0.5
C0006,low,629.5,220.32,"[""M0046"", ""M0044"", ""M0085"", ""M0065"", ""M0130"", ""M0072"", ""M0017"", ""M0095"", ""M0014"", ""M0049""]","[""Food Delivery"", ""Electronics"", ""Entertainment"", ""Utilities""]","[""D00010"", ""D00011"", ""D00012""]",Pune,morning_person,7,11,0.7
C0007,medium,1127.31,394.56,"[""M0074"", ""M0046"", ""M0085"", ""M0149"", ""M0130"", ""M0057"", ""M0091""]","[""Food Delivery"", ""Electronics"", ""Fashion""]","[""D00013""]",Kolkata,lunch_shopper,12,15,0.9
C0008,medium,1225.57,428.95,"[""M0088"", ""M0079"", ""M0108"", ""M0022"", ""M0013"", ""M0037""]","[""Travel"", ""Food Delivery"", ""Grocery"", ""Utilities""]","[""D00014""]",Hyderabad,lunch_shopper,12,15,5.1
C0009,medium,1257.25,440.04,"[""M0137"", ""M0104"", ""M0065"", ""M0121"", ""M0007"", ""M0033"", ""M0133"", ""M0100""]","[""Utilities"", ""Electronics"", ""Grocery""]","[""D00015"", ""D00016""]",Bangalore,evening_shopper,18,22,3.6
C0010,low,411.55,144.04,"[""M0102"", ""M0020"", ""M0072"", ""M0076"", ""M0128""]","[""Entertainment"", ""Healthcare"", ""E-commerce""]","[""D00017"", ""D00018""]",Hyderabad,evening_shopper,18,22,6.4
C0011,medium,1235.82,432.54,"[""M0126"", ""M0015"", ""M0105"", ""M0139"", ""M0003"", ""M0115"", ""M0041""]","[""Utilities"", ""Fashion"", ""Entertainment"", ""Healthcare""]","[""D00019""]",Chennai,lunch_shopper,12,15,10.8
C0012,low,419.85,146.95,"[""M0138"", ""M0037"", ""M0141"", ""M0106"", ""M0026"", ""M0041"", ""M0076"", ""M0113"", ""M0092"", ""M0133""]","[""Electronics"", ""Utilities"", ""Healthcare"", ""Grocery""]","[""D00020""]",Mumbai,lunch_shopper,12,15,3.3
C0013,medium,1894.6,663.11,"[""M0029"", ""M0021"", ""M0031"", ""M0079""]","[""Fuel"", ""Healthcare"", ""Travel""]","[""D00021""]",Hyderabad,lunch_shopper,12,15,1.1
C0014,low,1133.99,396.9,"[""M0009"", ""M0062"", ""M0091"", ""M0120"", ""M0048"", ""M0121"", ""M0131""]","[""E-commerce"", ""Fashion"", ""Electronics"", ""Utilities""]","[""D00022""]",Ahmedabad,night_owl,21,24,7.5
C0015,low,614.95,215.23,"[""M0113"", ""M0119"", ""M0147"", ""M0148"", ""M0135""]","[""Grocery"", ""Fashion"", ""Electronics""]","[""D00023"", ""D00024""]",Mumbai,morning_person,7,11,3.8
C0016,low,364.04,127.41,"[""M0138"", ""M0148"", ""M0025"", ""M0092"", ""M0066"", ""M0027"", ""M0059""]","[""Electronics"", ""E-commerce"", ""Grocery"", ""Fuel""]","[""D00025""]",Chennai,lunch_shopper,12,15,0.7
C0017,low,429.15,150.2,"[""M0012"", ""M0007"", ""M0130"", ""M0008"", ""M0021"", ""M0040""]","[""Electronics"", ""Healthcare""]","[""D00026"", ""D00027"", ""D00028""]",Mumbai,lunch_shopper,12,15,6.9
C0018,high,3501.11,1225.39,"[""M0116"", ""M0112"", ""M0144"", ""M0084""]","[""Fashion"", ""Grocery"", ""E-commerce""]","[""D00029""]",Hyderabad,night_owl,21,24,3.7
C0019,low,402.19,140.77,"[""M0079"", ""M0031"", ""M0099"", ""M0076"", ""M0008"", ""M0038"", ""M0002"", ""M0102"", ""M0120"", ""M0121"", ""M0148""]","[""Travel"", ""Healthcare"", ""Entertainment"", ""Electronics""]","[""D00030"", ""D00031""]",Mumbai,lunch_shopper,12,15,5.2
C0020,low,586.77,205.37,"[""M0130"", ""M0052"", ""M0131"", ""M0122""]","[""Electronics"", ""Entertainment"", ""Utilities"", ""Food Delivery""]","[""D00032""]",Chennai,morning_person,7,11,6.2
C0021,low,383.08,134.08,"[""M0047"", ""M0141"", ""M0088"", ""M0079"", ""M0075"", ""M0027"", ""M0082""]","[""Utilities"", ""Travel"", ""Fuel""]","[""D00033""]",Delhi,evening_shopper,18,22,2.6
C0022,low,313.42,109.7,"[""M0064"", ""M0009"", ""M0128"", ""M0040"", ""M0076"", ""M0041""]","[""E-commerce"", ""Healthcare""]","[""D00034""]",Mumbai,lunch_shopper,12,15,7.1
C0023,medium,1062.2,371.77,"[""M0070"", ""M0136"", ""M0111"", ""M0034"", ""M0071""]","[""Fashion"", ""Fuel""]","[""D00035""]",Delhi,morning_person,7,11,1.1
C0024,high,6313.46,2209.71,"[""M0039"", ""M0121"", ""M0019"", ""M0065"", ""M0086"", ""M0017"", ""M0042"", ""M0040"", ""M0097""]","[""Food Delivery"", ""Electronics"", ""Entertainment"", ""Healthcare""]","[""D00036""]",Hyderabad,evening_shopper,18,22,4.2
C0025,low,549.22,192.23,"[""M0006"", ""M0144"", ""M0138"", ""M0019"", ""M0100"", ""M0063"", ""M0117""]","[""E-commerce"", ""Electronics"", ""Grocery""]","[""D00037"", ""D00038"", ""D00039""]",Delhi,night_owl,21,24,1.9
C0026,low,771.73,270.11,"[""M0007"", ""M0148"", ""M0094"", ""M0072"", ""M0010"", ""M0052""]","[""Electronics"", ""Entertainment""]","[""D00040""]",Pune,lunch_shopper,12,15,4.3
C0027,low,224.55,78.59,"[""M0025"", ""M0069"", ""M0009"", ""M0124"", ""M0067"", ""M0057"", ""M0090""]","[""E-commerce"", ""Fuel"", ""Fashion""]","[""D00041""]",Chennai,lunch_shopper,12,15,5.9
C0028,high,3211.12,1123.89,"[""M0109"", ""M0084"", ""M0069""]","[""Grocery"", ""E-commerce""]","[""D00042"", ""D00043""]",Delhi,lunch_shopper,12,15,6.8
C0029,low,461.32,161.46,"[""M0048"", ""M0149"", ""M0110"", ""M0103"", ""M0025"", ""M0079""]","[""Electronics"", ""Grocery"", ""E-commerce"", ""Travel""]","[""D00044""]",Chennai,night_owl,21,24,4.3
C0030,medium,1168.2,408.87,"[""M0108"", ""M0080"", ""M0123"", ""M0001"", ""M0005""]","[""Food Delivery"", ""Fuel""]","[""D00045"", ""D00046""]",Kolkata,evening_shopper,18,22,5.6
C0031,low,386.62,135.32,"[""M0073"", ""M0084"", ""M0118"", ""M0129"", ""M0033"", ""M0112"", ""M0092""]","[""E-commerce"", ""Electronics"", ""Grocery""]","[""D00047""]",Ahmedabad,evening_shopper,18,22,2.2
C0032,low,572.74,200.46,"[""M0053"", ""M0009"", ""M0088"", ""M0146"", ""M0134"", ""M0093""]","[""E-commerce"", ""Travel"", ""Fashion""]","[""D00048""]",Delhi,evening_shopper,18,22,7.3
C0033,medium,1262.78,441.97,"[""M0113"", ""M0080"", ""M0044"", ""M0054"", ""M0072"", ""M0002""]","[""Grocery"", ""Food Delivery"", ""Entertainment""]","[""D00049"", ""D00050""]",Hyderabad,evening_shopper,18,22,4.8
C0034,low,743.64,260.27,"[""M0104"", ""M0141"", ""M0067"", ""M0115"", ""M0099""]","[""Utilities"", ""Fuel"", ""Healthcare""]","[""D00051""]",Kolkata,lunch_shopper,12,15,3.8
C0035,low,399.17,139.71,"[""M0081"", ""M0124"", ""M0019""]","[""Travel"", ""Fuel"", ""Electronics""]","[""D00052""]",Ahmedabad,morning_person,7,11,2.6
C0036,low,722.07,252.72,"[""M0140"", ""M0131"", ""M0135"", ""M0043"", ""M0068"", ""M0115""]","[""Utilities"", ""Electronics"", ""Healthcare""]","[""D00053"", ""D00054""]",Mumbai,lunch_shopper,12,15,2.6
C0037,low,493.51,172.73,"[""M0084"", ""M0121"", ""M0120"", ""M0007"", ""M0098"", ""M0033"", ""M0117"", ""M0134""]","[""E-commerce"", ""Electronics"", ""Grocery"", ""Travel""]","[""D00055""]",Kolkata,evening_shopper,18,22,2.8
C0038,medium,1314.68,460.14,"[""M0104"", ""M0045"", ""M0106"", ""M0081"", ""M0079"", ""M0100"", ""M0132"", ""M0127""]","[""Utilities"", ""Travel"", ""Grocery""]","[""D00056""]",Kolkata,lunch_shopper,12,15,2.6
C0039,medium,1410.38,493.63,"[""M0074"", ""M0123"", ""M0018"", ""M0057"", ""M0142""]","[""Food Delivery"", ""Fashion""]","[""D00057""]",Hyderabad,lunch_shopper,12,15,4.5
C0040,low,371.33,129.97,"[""M0119"", ""M0105"", ""M0120"", ""M0118"", ""M0007""]","[""Fashion"", ""Electronics""]","[""D00058""]",Mumbai,lunch_shopper,12,15,8.4
C0041,high,2763.82,967.34,"[""M0011"", ""M0083"", ""M0084"", ""M0053"", ""M0133"", ""M0150""]","[""Utilities"", ""E-commerce"", ""Grocery""]","[""D00059"", ""D00060""]",Hyderabad,lunch_shopper,12,15,3.3
C0042,low,508.11,177.84,"[""M0109"", ""M0112"", ""M0026"", ""M0068"", ""M0115"", ""M0062"", ""M0006"", ""M0053""]","[""Grocery"", ""Healthcare"", ""E-commerce""]","[""D00061"", ""D00062""]",Mumbai,morning_person,7,11,2.3
C0043,low,465.12,162.79,"[""M0020"", ""M0042"", ""M0040"", ""M0077"", ""M0089""]","[""Entertainment"", ""Healthcare"", ""Utilities""]","[""D00063""]",Ahmedabad,evening_shopper,18,22,4.2
C0044,high,5442.24,1904.78,"[""M0108"", ""M0094"", ""M0097""]","[""Food Delivery"", ""Electronics"", ""Healthcare""]","[""D00064""]",Hyderabad,morning_person,7,11,3.3
C0045,medium,2085.67,729.98,"[""M0064"", ""M0049"", ""M0139"", ""M0012"", ""M0129"", ""M0048""]","[""E-commerce"", ""Utilities"", ""Fashion"", ""Electronics""]","[""D00065""]",Bangalore,night_owl,21,24,5.7
C0046,medium,1163.81,407.33,"[""M0003"", ""M0086"", ""M0149"", ""M0131"", ""M0141""]","[""Entertainment"", ""Electronics"", ""Utilities""]","[""D00066""]",Hyderabad,night_owl,21,24,8.3
C0047,low,587.61,205.66,"[""M0093"", ""M0023"", ""M0016"", ""M0121"", ""M0118"", ""M0083"", ""M0032"", ""M0125"", ""M0030"", ""M0006"", ""M0053""]","[""Fashion"", ""Electronics"", ""Utilities"", ""E-commerce""]","[""D00067""]",Delhi,night_owl,21,24,12.8
C0048,low,424.95,148.73,"[""M0099"", ""M0095"", ""M0020"", ""M0086"", ""M0127"", ""M0117"", ""M0113""]","[""Healthcare"", ""Entertainment"", ""Grocery""]","[""D00068"", ""D00069"", ""D00070""]",Bangalore,evening_shopper,18,22,6.3
C0049,low,507.7,177.69,"[""M0048"", ""M0138"", ""M0122"", ""M0123""]","[""Electronics"", ""Food Delivery""]","[""D00071""]",Pune,night_owl,21,24,2.2
C0050,low,494.1,172.94,"[""M0051"", ""M0038"", ""M0020"", ""M0099"", ""M0041"", ""M0076""]","[""Fuel"", ""Entertainment"", ""Healthcare""]","[""D00072"", ""D00073""]",Pune,morning_person,7,11,2.5
C0051,low,358.28,125.4,"[""M0118"", ""M0120"", ""M0121"", ""M0139""]","[""Electronics"", ""Fashion""]","[""D00074""]",Hyderabad,night_owl,21,24,4.7
C0052,low,593.58,207.75,"[""M0118"", ""M0046"", ""M0054"", ""M0074""]","[""Electronics"", ""Food Delivery""]","[""D00075""]",Mumbai,night_owl,21,24,2.9
C0053,high,3885.57,1359.95,"[""M0117"", ""M0100"", ""M0081"", ""M0079"", ""M0111""]","[""Grocery"", ""Travel"", ""Fuel""]","[""D00076"", ""D00077""]",Mumbai,lunch_shopper,12,15,2.6
C0054,low,442.74,154.96,"[""M0134"", ""M0081"", ""M0088"", ""M0114"", ""M0072"", ""M0086"", ""M0023"", ""M0087"", ""M0048"", ""M0094""]","[""Travel"", ""Entertainment"", ""Fashion"", ""Electronics""]","[""D00078"", ""D00079""]",Bangalore,lunch_shopper,12,15,5.0
C0055,low,527.55,184.64,"[""M0146"", ""M0102"", ""M0010"", ""M0085"", ""M0039"", ""M0036"", ""M0028"", ""M0058"", ""M0128""]","[""Travel"", ""Entertainment"", ""Food Delivery"", ""E-commerce""]","[""D00080""]",Bangalore,night_owl,21,24,8.0
C0056,high,4458.88,1560.61,"[""M0039"", ""M0068"", ""M0021""]","[""Food Delivery"", ""Healthcare""]","[""D00081""]",Kolkata,morning_person,7,11,2.8
C0057,low,532.7,186.44,"[""M0080"", ""M0122"", ""M0046"", ""M0118"", ""M0120"", ""M0148"", ""M0119"", ""M0093"", ""M0064"", ""M0006"", ""M0144""]","[""Food Delivery"", ""Electronics"", ""Fashion"", ""E-commerce""]","[""D00082""]",Delhi,morning_person,7,11,5.8
C0058,medium,2185.98,765.09,"[""M0018"", ""M0070"", ""M0090"", ""M0108""]","[""Fashion"", ""Food Delivery""]","[""D00083"", ""D00084""]",Chennai,morning_person,7,11,1.6
C0059,low,531.2,185.92,"[""M0040"", ""M0145"", ""M0061"", ""M0085"", ""M0039"", ""M0046""]","[""Healthcare"", ""Utilities"", ""Food Delivery""]","[""D00085""]",Ahmedabad,evening_shopper,18,22,4.3
C0060,medium,1584.28,554.5,"[""M0049"", ""M0140"", ""M0037"", ""M0057"", ""M0018"", ""M0063"", ""M0064"", ""M0073""]","[""Utilities"", ""Fashion"", ""Grocery"", ""E-commerce""]","[""D00086""]",Mumbai,evening_shopper,18,22,6.0
C0061,low,538.03,188.31,"[""M0108"", ""M0085"", ""M0122"", ""M0150"", ""M0096""]","[""Food Delivery"", ""Grocery"", ""Utilities""]","[""D00087""]",Delhi,evening_shopper,18,22,1.8
C0062,medium,1560.01,546.0,"[""M0148"", ""M0149"", ""M0129"", ""M0015"", ""M0091"", ""M0016""]","[""Electronics"", ""Fashion""]","[""D00088""]",Mumbai,lunch_shopper,12,15,1.1
C0063,low,344.68,120.64,"[""M0097"", ""M0068"", ""M0085"", ""M0052"", ""M0038"", ""M0060"", ""M0075""]","[""Healthcare"", ""Food Delivery"", ""Entertainment"", ""Travel""]","[""D00089"", ""D00090""]",Delhi,evening_shopper,18,22,5.3
C0064,low,393.33,137.67,"[""M0039"", ""M0074"", ""M0109"", ""M0033"", ""M0128"", ""M0062""]","[""Food Delivery"", ""Grocery"", ""E-commerce""]","[""D00091""]",Chennai,morning_person,7,11,1.2
C0065,low,657.87,230.25,"[""M0042"", ""M0078"", ""M0068"", ""M0117"", ""M0013"", ""M0092"", ""M0062"", ""M0024"", ""M0120"", ""M0135""]","[""Healthcare"", ""Grocery"", ""E-commerce"", ""Electronics""]","[""D00092"", ""D00093""]",Hyderabad,night_owl,21,24,4.5
C0066,low,379.82,132.94,"[""M0011"", ""M0126"", ""M0096"", ""M0090"", ""M0055"", ""M0097""]","[""Utilities"", ""Fashion"", ""Entertainment"", ""Healthcare""]","[""D00094""]",Bangalore,lunch_shopper,12,15,3.7
C0067,low,377.34,132.07,"[""M0085"", ""M0046"", ""M0146"", ""M0075"", ""M0047"", ""M0137"", ""M0057"", ""M0018"", ""M0091""]","[""Food Delivery"", ""Travel"", ""Utilities"", ""Fashion""]","[""D00095"", ""D00096""]",Ahmedabad,night_owl,21,24,1.6
C0068,low,641.37,224.48,"[""M0122"", ""M0123"", ""M0058"", ""M0128"", ""M0024"", ""M0126"", ""M0106"", ""M0051"", ""M0067""]","[""Food Delivery"", ""E-commerce"", ""Utilities"", ""Fuel""]","[""D00097""]",Kolkata,night_owl,21,24,2.8
C0069,low,494.67,173.13,"[""M0119"", ""M0077"", ""M0127"", ""M0112"", ""M0143""]","[""Fashion"", ""Utilities"", ""Grocery""]","[""D00098""]",Kolkata,lunch_shopper,12,15,8.7
C0070,medium,970.76,339.77,"[""M0038"", ""M0003"", ""M0055"", ""M0146""]","[""Entertainment"", ""Travel""]","[""D00099"", ""D00100""]",Ahmedabad,night_owl,21,24,3.2
C0071,low,357.36,125.08,"[""M0127"", ""M0038"", ""M0086""]","[""Grocery"", ""Entertainment""]","[""D00101""]",Mumbai,night_owl,21,24,4.7
C0072,medium,1426.19,499.17,"[""M0134"", ""M0031"", ""M0081"", ""M0098"", ""M0082"", ""M0034"", ""M0029""]","[""Travel"", ""Grocery"", ""Fuel""]","[""D00102"", ""D00103""]",Chennai,morning_person,7,11,5.6
C0073,low,382.21,133.77,"[""M0135"", ""M0008"", ""M0115""]","[""Electronics"", ""Healthcare""]","[""D00104""]",Delhi,evening_shopper,18,22,0.8
C0074,medium,1121.23,392.43,"[""M0029"", ""M0096"", ""M0131"", ""M0141"", ""M0063""]","[""Fuel"", ""Utilities"", ""Grocery""]","[""D00105""]",Ahmedabad,lunch_shopper,12,15,2.2
C0075,low,519.03,181.66,"[""M0037"", ""M0049"", ""M0104"", ""M0091"", ""M0136"", ""M0147"", ""M0008"", ""M0068"", ""M0041""]","[""Utilities"", ""Fashion"", ""Healthcare""]","[""D00106"", ""D00107"", ""D00108""]",Hyderabad,lunch_shopper,12,15,4.4
C0076,low,528.1,184.84,"[""M0050"", ""M0104"", ""M0061"", ""M0080"", ""M0033"", ""M0098""]","[""Utilities"", ""Food Delivery"", ""Grocery""]","[""D00109""]",Ahmedabad,night_owl,21,24,1.7
C0077,low,501.43,175.5,"[""M0080"", ""M0054"", ""M0036"", ""M0141"", ""M0014"", ""M0137"", ""M0058"", ""M0128"", ""M0028"", ""M0150""]","[""Food Delivery"", ""Utilities"", ""E-commerce"", ""Grocery""]","[""D00110"", ""D00111""]",Mumbai,evening_shopper,18,22,1.2
C0078,medium,1923.18,673.11,"[""M0141"", ""M0037"", ""M0140"", ""M0123""]","[""Utilities"", ""Food Delivery""]","[""D00112""]",Pune,morning_person,7,11,6.9
C0079,low,325.94,114.08,"[""M0144"", ""M0051"", ""M0111"", ""M0010"", ""M0017""]","[""E-commerce"", ""Fuel"", ""Entertainment""]","[""D00113""]",Delhi,lunch_shopper,12,15,1.5
C0080,medium,1621.87,567.65,"[""M0081"", ""M0061"", ""M0077"", ""M0085""]","[""Travel"", ""Utilities"", ""Food Delivery""]","[""D00114"", ""D00115""]",Ahmedabad,morning_person,7,11,4.0
C0081,low,575.08,201.28,"[""M0022"", ""M0112"", ""M0081""]","[""Grocery"", ""Travel""]","[""D00116""]",Pune,morning_person,7,11,8.1
C0082,low,662.79,231.98,"[""M0046"", ""M0085"", ""M0036"", ""M0133"", ""M0109"", ""M0098"", ""M0005"", ""M0082"", ""M0066"", ""M0028"", ""M0069"", ""M0053""]","[""Food Delivery"", ""Grocery"", ""Fuel"", ""E-commerce""]","[""D00117"", ""D00118""]",Kolkata,morning_person,7,11,2.6
C0083,low,618.74,216.56,"[""M0039"", ""M0076""]","[""Food Delivery"", ""Healthcare""]","[""D00119"", ""D00120""]",Ahmedabad,lunch_shopper,12,15,3.8
C0084,low,381.16,133.41,"[""M0060"", ""M0134"", ""M0113"", ""M0100"", ""M0013"", ""M0038"", ""M0017"", ""M0055""]","[""Travel"", ""Grocery"", ""Entertainment""]","[""D00121""]",Ahmedabad,night_owl,21,24,13.6
C0085,high,2806.86,982.4,"[""M0118"", ""M0029"", ""M0005"", ""M0060"", ""M0079""]","[""Electronics"", ""Fuel"", ""Travel""]","[""D00122"", ""D00123""]",Delhi,morning_person,7,11,2.4
C0086,low,504.75,176.66,"[""M0147"", ""M0086"", ""M0049""]","[""Fashion"", ""Entertainment"", ""Utilities""]","[""D00124"", ""D00125""]",Pune,evening_shopper,18,22,2.3
C0087,medium,2052.24,718.28,"[""M0028"", ""M0084"", ""M0024"", ""M0123"", ""M0010"", ""M0094""]","[""E-commerce"", ""Food Delivery"", ""Entertainment"", ""Electronics""]","[""D00126""]",Pune,lunch_shopper,12,15,9.2
C0088,low,512.12,179.24,"[""M0010"", ""M0080"", ""M0108"", ""M0039""]","[""Entertainment"", ""Food Delivery""]","[""D00127"", ""D00128""]",Bangalore,morning_person,7,11,1.8
C0089,medium,1579.62,552.87,"[""M0079"", ""M0031"", ""M0088"", ""M0121"", ""M0065"", ""M0120"", ""M0008"", ""M0115"", ""M0068""]","[""Travel"", ""Electronics"", ""Healthcare""]","[""D00129"", ""D00130"", ""D00131""]",Mumbai,night_owl,21,24,14.1
C0090,low,856.65,299.83,"[""M0021"", ""M0137"", ""M0037""]","[""Healthcare"", ""Utilities""]","[""D00132"", ""D00133""]",Mumbai,morning_person,7,11,0.5
C0091,low,521.1,182.38,"[""M0125"", ""M0061"", ""M0104"", ""M0101"", ""M0060"", ""M0146"", ""M0005"", ""M0082"", ""M0111"", ""M0087"", ""M0119"", ""M0136""]","[""Utilities"", ""Travel"", ""Fuel"", ""Fashion""]","[""D00134"", ""D00135""]",Kolkata,lunch_shopper,12,15,2.3
C0092,low,298.65,104.53,"[""M0113"", ""M0109"", ""M0050"", ""M0083"", ""M0037"", ""M0149"", ""M0120"", ""M0012""]","[""Grocery"", ""Utilities"", ""Electronics""]","[""D00136""]",Delhi,morning_person,7,11,4.8
C0093,medium,1919.32,671.76,"[""M0110"", ""M0056"", ""M0133"", ""M0129""]","[""Grocery"", ""Electronics""]","[""D00137""]",Mumbai,evening_shopper,18,22,2.5
C0094,medium,1345.67,470.98,"[""M0071"", ""M0034"", ""M0033"", ""M0143"", ""M0025"", ""M0024"", ""M0069""]","[""Fuel"", ""Grocery"", ""E-commerce""]","[""D00138"", ""D00139""]",Chennai,night_owl,21,24,10.3
C0095,low,556.4,194.74,"[""M0005"", ""M0034"", ""M0079"", ""M0101"", ""M0134""]","[""Fuel"", ""Travel""]","[""D00140""]",Chennai,morning_person,7,11,4.4
C0096,low,808.68,283.04,"[""M0054"", ""M0074"", ""M0122"", ""M0024"", ""M0086"", ""M0043"", ""M0021"", ""M0026""]","[""Food Delivery"", ""E-commerce"", ""Entertainment"", ""Healthcare""]","[""D00141"", ""D00142""]",Bangalore,morning_person,7,11,0.7
C0097,low,426.12,149.14,"[""M0070"", ""M0107"", ""M0109"", ""M0143"", ""M0060"", ""M0031"", ""M0146"", ""M0137""]","[""Fashion"", ""Grocery"", ""Travel"", ""Utilities""]","[""D00143""]",Ahmedabad,morning_person,7,11,2.8
C0098,low,864.03,302.41,"[""M0068"", ""M0043"", ""M0041"", ""M0132"", ""M0083""]","[""Healthcare"", ""Grocery"", ""Utilities""]","[""D00144"", ""D00145"", ""D00146""]",Mumbai,night_owl,21,24,1.3
C0099,low,804.1,281.44,"[""M0089"", ""M0008"", ""M0115"", ""M0040"", ""M0046"", ""M0044"", ""M0028"", ""M0030""]","[""Utilities"", ""Healthcare"", ""Food Delivery"", ""E-commerce""]","[""D00147"", ""D00148""]",Mumbai,morning_person,7,11,0.8
C0100,low,474.13,165.95,"[""M0098"", ""M0132"", ""M0133"", ""M0114"", ""M0038"", ""M0003"", ""M0031"", ""M0101"", ""M0136""]","[""Grocery"", ""Entertainment"", ""Travel"", ""Fashion""]","[""D00149"", ""D00150""]",Hyderabad,morning_person,7,11,2.3
C0101,high,6967.06,2438.47,"[""M0112"", ""M0077"", ""M0134"", ""M0038"", ""M0003"", ""M0052""]","[""Grocery"", ""Utilities"", ""Travel"", ""Entertainment""]","[""D00151""]",Mumbai,morning_person,7,11,3.4
C0102,low,463.71,162.3,"[""M0109"", ""M0098"", ""M0075"", ""M0060"", ""M0130"", ""M0012"", ""M0121"", ""M0087"", ""M0107"", ""M0142""]","[""Grocery"", ""Travel"", ""Electronics"", ""Fashion""]","[""D00152"", ""D00153""]",Hyderabad,lunch_shopper,12,15,3.5
C0103,low,509.82,178.44,"[""M0122"", ""M0018""]","[""Food Delivery"", ""Fashion""]","[""D00154"", ""D00155""]",Hyderabad,lunch_shopper,12,15,5.4
C0104,medium,1230.85,430.8,"[""M0097"", ""M0115"", ""M0078"", ""M0140"", ""M0077"", ""M0134"", ""M0066""]","[""Healthcare"", ""Utilities"", ""Travel"", ""Fuel""]","[""D00156""]",Pune,night_owl,21,24,12.3
C0105,medium,1414.41,495.04,"[""M0032"", ""M0061"", ""M0104"", ""M0006"", ""M0144"", ""M0034"", ""M0005""]","[""Utilities"", ""E-commerce"", ""Fuel""]","[""D00157""]",Hyderabad,morning_person,7,11,5.1
C0106,low,425.84,149.04,"[""M0092"", ""M0109"", ""M0127"", ""M0026"", ""M0008"", ""M0068"", ""M0084"", ""M0018"", ""M0142""]","[""Grocery"", ""Healthcare"", ""E-commerce"", ""Fashion""]","[""D00158""]",Bangalore,lunch_shopper,12,15,3.9
C0107,low,412.89,144.51,"[""M0041"", ""M0043"", ""M0077"", ""M0141"", ""M0002"", ""M0095"", ""M0102"", ""M0060"", ""M0088""]","[""Healthcare"", ""Utilities"", ""Entertainment"", ""Travel""]","[""D00159""]",Bangalore,morning_person,7,11,6.0
C0108,medium,1969.63,689.37,"[""M0039"", ""M0122"", ""M0037"", ""M0083"", ""M0061"", ""M0102"", ""M0095"", ""M0052""]","[""Food Delivery"", ""Utilities"", ""Entertainment""]","[""D00160""]",Delhi,lunch_shopper,12,15,8.7
C0109,low,628.83,220.09,"[""M0123"", ""M0074"", ""M0146""]","[""Food Delivery"", ""Travel""]","[""D00161"", ""D00162""]",Hyderabad,morning_person,7,11,5.2
C0110,low,581.45,203.51,"[""M0081"", ""M0075"", ""M0051"", ""M0025"", ""M0144""]","[""Travel"", ""Fuel"", ""E-commerce""]","[""D00163""]",Pune,lunch_shopper,12,15,1.8
C0111,low,489.67,171.38,"[""M0094"", ""M0138"", ""M0129"", ""M0101"", ""M0024""]","[""Electronics"", ""Travel"", ""E-commerce""]","[""D00164"", ""D00165""]",Hyderabad,lunch_shopper,12,15,3.6
C0112,medium,1211.05,423.87,"[""M0095"", ""M0102"", ""M0068"", ""M0028"", ""M0084"", ""M0073"", ""M0090"", ""M0147""]","[""Entertainment"", ""Healthcare"", ""E-commerce"", ""Fashion""]","[""D00166""]",Bangalore,evening_shopper,18,22,7.3
C0113,high,4604.07,1611.42,"[""M0093"", ""M0116"", ""M0067"", ""M0059"", ""M0027"", ""M0115""]","[""Fashion"", ""Fuel"", ""Healthcare""]","[""D00167"", ""D00168""]",Bangalore,lunch_shopper,12,15,7.1
C0114,medium,1309.79,458.43,"[""M0021"", ""M0099"", ""M0076"", ""M0034""]","[""Healthcare"", ""Fuel""]","[""D00169"", ""D00170""]",Kolkata,morning_person,7,11,4.1
C0115,medium,2189.97,766.49,"[""M0021"", ""M0040"", ""M0088"", ""M0031"", ""M0002"", ""M0052""]","[""Healthcare"", ""Travel"", ""Entertainment""]","[""D00171"", ""D00172""]",Mumbai,evening_shopper,18,22,3.4
C0116,low,458.62,160.52,"[""M0051"", ""M0105""]","[""Fuel"", ""Fashion""]","[""D00173""]",Bangalore,lunch_shopper,12,15,6.1
C0117,low,543.08,190.08,"[""M0078"", ""M0008"", ""M0002"", ""M0047"", ""M0037""]","[""Healthcare"", ""Entertainment"", ""Utilities""]","[""D00174"", ""D00175"", ""D00176""]",Bangalore,night_owl,21,24,3.0
C0118,low,874.54,306.09,"[""M0090"", ""M0123"", ""M0122"", ""M0012"", ""M0149""]","[""Fashion"", ""Food Delivery"", ""Electronics""]","[""D00177"", ""D00178""]",Hyderabad,night_owl,21,24,6.9
C0119,medium,1094.66,383.13,"[""M0075"", ""M0081"", ""M0079"", ""M0107""]","[""Travel"", ""Fashion""]","[""D00179"", ""D00180""]",Pune,lunch_shopper,12,15,1.1
C0120,low,620.92,217.32,"[""M0012"", ""M0121"", ""M0146"", ""M0031"", ""M0079""]","[""Electronics"", ""Travel""]","[""D00181"", ""D00182""]",Delhi,night_owl,21,24,5.4
C0121,medium,1474.87,516.2,"[""M0124"", ""M0005"", ""M0046"", ""M0039"", ""M0073"", ""M0084"", ""M0030""]","[""Fuel"", ""Food Delivery"", ""E-commerce""]","[""D00183""]",Kolkata,lunch_shopper,12,15,1.5
C0122,low,263.22,92.13,"[""M0082"", ""M0027"", ""M0003"", ""M0115"", ""M0068"", ""M0008"", ""M0047"", ""M0014""]","[""Fuel"", ""Entertainment"", ""Healthcare"", ""Utilities""]","[""D00184"", ""D00185""]",Bangalore,lunch_shopper,12,15,10.3
C0123,high,3836.63,1342.82,"[""M0085"", ""M0054"", ""M0036"", ""M0079"", ""M0081"", ""M0075"", ""M0109""]","[""Food Delivery"", ""Travel"", ""Grocery""]","[""D00186""]",Bangalore,evening_shopper,18,22,2.6
C0124,low,592.38,207.33,"[""M0109"", ""M0063"", ""M0145"", ""M0106"", ""M0115"", ""M0076""]","[""Grocery"", ""Utilities"", ""Healthcare""]","[""D00187"", ""D00188""]",Bangalore,evening_shopper,18,22,8.2
C0125,high,5289.56,1851.35,"[""M0133"", ""M0094"", ""M0012"", ""M0077"", ""M0054"", ""M0123"", ""M0085""]","[""Grocery"", ""Electronics"", ""Utilities"", ""Food Delivery""]","[""D00189""]",Bangalore,night_owl,21,24,2.2
C0126,low,582.74,203.96,"[""M0051"", ""M0071"", ""M0059"", ""M0097"", ""M0008"", ""M0069""]","[""Fuel"", ""Healthcare"", ""E-commerce""]","[""D00190"", ""D00191""]",Kolkata,night_owl,21,24,6.1
C0127,low,319.12,111.69,"[""M0095"", ""M0055"", ""M0002"", ""M0009"", ""M0140"", ""M0110"", ""M0112""]","[""Entertainment"", ""E-commerce"", ""Utilities"", ""Grocery""]","[""D00192""]",Delhi,morning_person,7,11,0.9
C0128,low,403.72,141.3,"[""M0078"", ""M0067"", ""M0101"", ""M0088"", ""M0091"", ""M0090"", ""M0023""]","[""Healthcare"", ""Fuel"", ""Travel"", ""Fashion""]","[""D00193""]",Mumbai,morning_person,7,11,8.2
C0129,low,540.92,189.32,"[""M0081"", ""M0134"", ""M0150"", ""M0135"", ""M0120""]","[""Travel"", ""Grocery"", ""Electronics""]","[""D00194""]",Ahmedabad,lunch_shopper,12,15,8.8
C0130,low,450.02,157.51,"[""M0068"", ""M0021"", ""M0097"", ""M0095"", ""M0038""]","[""Healthcare"", ""Entertainment""]","[""D00195""]",Ahmedabad,morning_person,7,11,3.3
C0131,low,542.84,189.99,"[""M0108"", ""M0046"", ""M0017"", ""M0079""]","[""Food Delivery"", ""Entertainment"", ""Travel""]","[""D00196""]",Delhi,night_owl,21,24,1.6
C0132,low,571.24,199.93,"[""M0037"", ""M0137"", ""M0032"", ""M0034"", ""M0099"", ""M0115"", ""M0132"", ""M0113""]","[""Utilities"", ""Fuel"", ""Healthcare"", ""Grocery""]","[""D00197"", ""D00198""]",Delhi,night_owl,21,24,3.6
C0133,high,6045.34,2115.87,"[""M0003"", ""M0055"", ""M0102"", ""M0067"", ""M0051"", ""M0027""]","[""Entertainment"", ""Fuel""]","[""D00199""]",Mumbai,lunch_shopper,12,15,2.4
C0134,medium,1511.56,529.05,"[""M0033"", ""M0075"", ""M0081"", ""M0060""]","[""Grocery"", ""Travel""]","[""D00200"", ""D00201"", ""D00202""]",Chennai,lunch_shopper,12,15,6.6
C0135,medium,1524.32,533.51,"[""M0091"", ""M0082"", ""M0054"", ""M0044"", ""M0123"", ""M0133"", ""M0022"", ""M0132""]","[""Fashion"", ""Fuel"", ""Food Delivery"", ""Grocery""]","[""D00203""]",Chennai,lunch_shopper,12,15,1.7
C0136,low,975.28,341.35,"[""M0002"", ""M0114"", ""M0003"", ""M0140"", ""M0034"", ""M0082"", ""M0029"", ""M0113"", ""M0004"", ""M0127""]","[""Entertainment"", ""Utilities"", ""Fuel"", ""Grocery""]","[""D00204"", ""D00205"", ""D00206""]",Hyderabad,evening_shopper,18,22,4.5
C0137,low,940.07,329.02,"[""M0068"", ""M0021"", ""M0016"", ""M0070"", ""M0136"", ""M0127"", ""M0117""]","[""Healthcare"", ""Fashion"", ""Grocery""]","[""D00207"", ""D00208""]",Pune,lunch_shopper,12,15,1.7
C0138,medium,1431.85,501.15,"[""M0051"", ""M0059"", ""M0027"", ""M0125"", ""M0126""]","[""Fuel"", ""Utilities""]","[""D00209"", ""D00210""]",Chennai,morning_person,7,11,6.5
C0139,low,383.02,134.06,"[""M0019"", ""M0036"", ""M0043"", ""M0078""]","[""Electronics"", ""Food Delivery"", ""Healthcare""]","[""D00211""]",Kolkata,night_owl,21,24,2.0
C0140,low,671.68,235.09,"[""M0124"", ""M0106""]","[""Fuel"", ""Utilities""]","[""D00212"", ""D00213"", ""D00214""]",Mumbai,night_owl,21,24,0.5
C0141,low,545.95,191.08,"[""M0076"", ""M0068"", ""M0025"", ""M0094"", ""M0007"", ""M0148""]","[""Healthcare"", ""E-commerce"", ""Electronics""]","[""D00215""]",Delhi,evening_shopper,18,22,10.9
C0142,low,584.88,204.71,"[""M0043"", ""M0054"", ""M0030"", ""M0084"", ""M0053"", ""M0013"", ""M0112""]","[""Healthcare"", ""Food Delivery"", ""E-commerce"", ""Grocery""]","[""D00216"", ""D00217""]",Kolkata,morning_person,7,11,6.5
C0143,low,331.6,116.06,"[""M0005"", ""M0059"", ""M0134"", ""M0081"", ""M0101""]","[""Fuel"", ""Travel""]","[""D00218""]",Delhi,morning_person,7,11,10.7
C0144,low,481.99,168.7,"[""M0133"", ""M0110"", ""M0029""]","[""Grocery"", ""Fuel""]","[""D00219""]",Chennai,night_owl,21,24,2.7
C0145,medium,885.42,309.9,"[""M0030"", ""M0084"", ""M0058"", ""M0055"", ""M0010"", ""M0086""]","[""E-commerce"", ""Entertainment""]","[""D00220"", ""D00221"", ""D00222""]",Mumbai,lunch_shopper,12,15,8.2
C0146,low,535.23,187.33,"[""M0034"", ""M0071"", ""M0051"", ""M0072"", ""M0114"", ""M0055"", ""M0143"", ""M0103"", ""M0127"", ""M0074""]","[""Fuel"", ""Entertainment"", ""Grocery"", ""Food Delivery""]","[""D00223"", ""D00224""]",Hyderabad,evening_shopper,18,22,4.1
C0147,low,305.42,106.9,"[""M0106"", ""M0050"", ""M0140"", ""M0122"", ""M0046"", ""M0036"", ""M0058"", ""M0024"", ""M0062""]","[""Utilities"", ""Food Delivery"", ""E-commerce""]","[""D00225""]",Kolkata,night_owl,21,24,2.0
C0148,low,532.62,186.42,"[""M0136"", ""M0053"", ""M0024"", ""M0135"", ""M0048"", ""M0076"", ""M0078""]","[""Fashion"", ""E-commerce"", ""Electronics"", ""Healthcare""]","[""D00226""]",Bangalore,night_owl,21,24,4.2
C0149,medium,1482.63,518.92,"[""M0069"", ""M0058"", ""M0052"", ""M0038"", ""M0010"", ""M0147"", ""M0105"", ""M0074"", ""M0054"", ""M0085""]","[""E-commerce"", ""Entertainment"", ""Fashion"", ""Food Delivery""]","[""D00227""]",Kolkata,lunch_shopper,12,15,3.5
C0150,medium,1347.62,471.67,"[""M0081"", ""M0079"", ""M0085"", ""M0074"", ""M0123"", ""M0147"", ""M0091""]","[""Travel"", ""Food Delivery"", ""Fashion""]","[""D00228"", ""D00229""]",Hyderabad,evening_shopper,18,22,0.7
C0151,low,510.86,178.8,"[""M0075"", ""M0081"", ""M0103"", ""M0032"", ""M0083"", ""M0104"", ""M0041"", ""M0099"", ""M0068""]","[""Travel"", ""Grocery"", ""Utilities"", ""Healthcare""]","[""D00230"", ""D00231""]",Hyderabad,lunch_shopper,12,15,4.8
C0152,low,677.31,237.06,"[""M0122"", ""M0079"", ""M0146"", ""M0031"", ""M0125"", ""M0049"", ""M0140"", ""M0007""]","[""Food Delivery"", ""Travel"", ""Utilities"", ""Electronics""]","[""D00232""]",Chennai,morning_person,7,11,9.1
C0153,low,544.41,190.54,"[""M0026"", ""M0043"", ""M0097"", ""M0120"", ""M0130"", ""M0114"", ""M0030"", ""M0028""]","[""Healthcare"", ""Electronics"", ""Entertainment"", ""E-commerce""]","[""D00233""]",Delhi,morning_person,7,11,1.8
C0154,medium,1532.2,536.27,"[""M0014"", ""M0045"", ""M0096"", ""M0016""]","[""Utilities"", ""Fashion""]","[""D00234""]",Bangalore,night_owl,21,24,9.2
C0155,medium,2746.89,961.41,"[""M0054"", ""M0064"", ""M0009"", ""M0030""]","[""Food Delivery"", ""E-commerce""]","[""D00235"", ""D00236"", ""D00237""]",Chennai,evening_shopper,18,22,10.2
C0156,low,362.81,126.98,"[""M0134"", ""M0081"", ""M0060"", ""M0077"", ""M0099"", ""M0130"", ""M0065""]","[""Travel"", ""Utilities"", ""Healthcare"", ""Electronics""]","[""D00238""]",Delhi,lunch_shopper,12,15,2.7
C0157,low,598.01,209.3,"[""M0123"", ""M0080"", ""M0122"", ""M0105"", ""M0018"", ""M0116"", ""M0003"", ""M0010"", ""M0102""]","[""Food Delivery"", ""Fashion"", ""Entertainment""]","[""D00239""]",Delhi,night_owl,21,24,8.3
C0158,high,4315.23,1510.33,"[""M0025"", ""M0058"", ""M0074"", ""M0054""]","[""E-commerce"", ""Food Delivery""]","[""D00240"", ""D00241""]",Delhi,morning_person,7,11,2.5
C0159,low,676.9,236.91,"[""M0093"", ""M0070"", ""M0069"", ""M0062"", ""M0138"", ""M0065"", ""M0135""]","[""Fashion"", ""E-commerce"", ""Electronics""]","[""D00242""]",Mumbai,morning_person,7,11,0.5
C0160,medium,1931.05,675.87,"[""M0066"", ""M0136"", ""M0088"", ""M0101"", ""M0146""]","[""Fuel"", ""Fashion"", ""Travel""]","[""D00243""]",Delhi,night_owl,21,24,3.0
C0161,medium,2323.21,813.12,"[""M0142"", ""M0107"", ""M0131"", ""M0007"", ""M0108"", ""M0046"", ""M0123""]","[""Fashion"", ""Utilities"", ""Electronics"", ""Food Delivery""]","[""D00244""]",Ahmedabad,lunch_shopper,12,15,3.5
C0162,low,661.47,231.51,"[""M0068"", ""M0021"", ""M0076"", ""M0138"", ""M0007"", ""M0057"", ""M0142"", ""M0066"", ""M0071""]","[""Healthcare"", ""Electronics"", ""Fashion"", ""Fuel""]","[""D00245""]",Pune,morning_person,7,11,4.3
C0163,medium,888.01,310.8,"[""M0046"", ""M0009"", ""M0006"", ""M0053"", ""M0022"", ""M0133"", ""M0003""]","[""Food Delivery"", ""E-commerce"", ""Grocery"", ""Entertainment""]","[""D00246""]",Mumbai,night_owl,21,24,3.2
C0164,low,491.83,172.14,"[""M0052"", ""M0055"", ""M0089"", ""M0032"", ""M0133"", ""M0056"", ""M0110""]","[""Entertainment"", ""Utilities"", ""Grocery""]","[""D00247""]",Bangalore,morning_person,7,11,4.5
C0165,low,333.17,116.61,"[""M0004"", ""M0081"", ""M0095"", ""M0102"", ""M0059"", ""M0067"", ""M0124""]","[""Grocery"", ""Travel"", ""Entertainment"", ""Fuel""]","[""D00248"", ""D00249""]",Ahmedabad,lunch_shopper,12,15,5.4
C0166,low,354.12,123.94,"[""M0114"", ""M0003"", ""M0002"", ""M0080"", ""M0122"", ""M0036"", ""M0087""]","[""Entertainment"", ""Food Delivery"", ""Fashion""]","[""D00250""]",Mumbai,morning_person,7,11,4.8
C0167,low,483.57,169.25,"[""M0099"", ""M0053""]","[""Healthcare"", ""E-commerce""]","[""D00251""]",Ahmedabad,night_owl,21,24,6.5
C0168,medium,1294.65,453.13,"[""M0028"", ""M0025"", ""M0073"", ""M0038"", ""M0086"", ""M0102""]","[""E-commerce"", ""Entertainment""]","[""D00252""]",Chennai,evening_shopper,18,22,2.2
C0169,medium,1262.59,441.91,"[""M0081"", ""M0146"", ""M0147""]","[""Travel"", ""Fashion""]","[""D00253"", ""D00254""]",Kolkata,lunch_shopper,12,15,1.7
C0170,medium,962.73,336.96,"[""M0101"", ""M0088"", ""M0043"", ""M0115"", ""M0026"", ""M0053"", ""M0024""]","[""Travel"", ""Healthcare"", ""E-commerce""]","[""D00255""]",Ahmedabad,night_owl,21,24,2.9
C0171,low,888.4,310.94,"[""M0036"", ""M0108"", ""M0052"", ""M0072""]","[""Food Delivery"", ""Entertainment""]","[""D00256""]",Ahmedabad,lunch_shopper,12,15,3.4
C0172,medium,1727.41,604.59,"[""M0107"", ""M0018"", ""M0111"", ""M0029"", ""M0001"", ""M0118"", ""M0130""]","[""Fashion"", ""Fuel"", ""Electronics""]","[""D00257"", ""D00258""]",Delhi,morning_person,7,11,7.5
C0173,medium,1431.25,500.94,"[""M0106"", ""M0088""]","[""Utilities"", ""Travel""]","[""D00259""]",Ahmedabad,evening_shopper,18,22,2.8
C0174,medium,1186.87,415.4,"[""M0023"", ""M0139"", ""M0090"", ""M0137"", ""M0145"", ""M0047""]","[""Fashion"", ""Utilities""]","[""D00260""]",Ahmedabad,night_owl,21,24,5.1
C0175,medium,1363.06,477.07,"[""M0082"", ""M0051"", ""M0034"", ""M0074"", ""M0108"", ""M0117"", ""M0033"", ""M0139"", ""M0105"", ""M0087""]","[""Fuel"", ""Food Delivery"", ""Grocery"", ""Fashion""]","[""D00261"", ""D00262""]",Delhi,evening_shopper,18,22,0.5
C0176,low,408.32,142.91,"[""M0037"", ""M0011"", ""M0050"", ""M0119"", ""M0093"", ""M0057""]","[""Utilities"", ""Fashion""]","[""D00263""]",Mumbai,lunch_shopper,12,15,0.5
C0177,low,585.79,205.03,"[""M0140"", ""M0141"", ""M0077"", ""M0139"", ""M0147"", ""M0026"", ""M0099""]","[""Utilities"", ""Fashion"", ""Healthcare""]","[""D00264"", ""D00265"", ""D00266""]",Kolkata,evening_shopper,18,22,4.2
C0178,low,368.09,128.83,"[""M0031"", ""M0146"", ""M0101"", ""M0097"", ""M0114"", ""M0080""]","[""Travel"", ""Healthcare"", ""Entertainment"", ""Food Delivery""]","[""D00267"", ""D00268""]",Delhi,lunch_shopper,12,15,3.5
C0179,medium,914.22,319.98,"[""M0048"", ""M0055"", ""M0038"", ""M0002""]","[""Electronics"", ""Entertainment""]","[""D00269""]",Chennai,night_owl,21,24,3.9
C0180,low,465.88,163.06,"[""M0053"", ""M0006"", ""M0128"", ""M0081"", ""M0146"", ""M0031""]","[""E-commerce"", ""Travel""]","[""D00270"", ""D00271""]",Pune,night_owl,21,24,3.2
C0181,high,4048.2,1416.87,"[""M0019"", ""M0048"", ""M0148"", ""M0125"", ""M0050"", ""M0083""]","[""Electronics"", ""Utilities""]","[""D00272""]",Kolkata,evening_shopper,18,22,1.2
C0182,medium,1580.45,553.16,"[""M0071"", ""M0029"", ""M0098"", ""M0103"", ""M0022""]","[""Fuel"", ""Grocery""]","[""D00273""]",Pune,morning_person,7,11,6.3
C0183,low,491.57,172.05,"[""M0004"", ""M0075"", ""M0060"", ""M0079"", ""M0097"", ""M0042""]","[""Grocery"", ""Travel"", ""Healthcare""]","[""D00274""]",Kolkata,morning_person,7,11,8.8
C0184,high,10019.6,3506.86,"[""M0139"", ""M0091"", ""M0016"", ""M0141""]","[""Fashion"", ""Utilities""]","[""D00275"", ""D00276"", ""D00277""]",Hyderabad,evening_shopper,18,22,6.7
C0185,medium,1084.45,379.56,"[""M0064"", ""M0114"", ""M0059"", ""M0005"", ""M0034"", ""M0131""]","[""E-commerce"", ""Entertainment"", ""Fuel"", ""Utilities""]","[""D00278""]",Delhi,lunch_shopper,12,15,2.9
C0186,low,748.99,262.15,"[""M0075"", ""M0060"", ""M0081"", ""M0051"", ""M0001"", ""M0005"", ""M0098"", ""M0022""]","[""Travel"", ""Fuel"", ""Grocery""]","[""D00279""]",Kolkata,evening_shopper,18,22,1.0
C0187,low,323.9,113.36,"[""M0050"", ""M0104"", ""M0106"", ""M0110"", ""M0059"", ""M0124"", ""M0027"", ""M0064"", ""M0069"", ""M0053""]","[""Utilities"", ""Grocery"", ""Fuel"", ""E-commerce""]","[""D00280"", ""D00281""]",Chennai,morning_person,7,11,5.0
C0188,medium,1290.22,451.58,"[""M0057"", ""M0116"", ""M0138"", ""M0130"", ""M0019"", ""M0101"", ""M0088"", ""M0075""]","[""Fashion"", ""Electronics"", ""Travel""]","[""D00282""]",Kolkata,morning_person,7,11,2.0
C0189,medium,1239.28,433.75,"[""M0026"", ""M0027"", ""M0085"", ""M0108""]","[""Healthcare"", ""Fuel"", ""Food Delivery""]","[""D00283""]",Bangalore,night_owl,21,24,1.6
C0190,low,232.57,81.4,"[""M0071"", ""M0088"", ""M0101"", ""M0031""]","[""Fuel"", ""Travel""]","[""D00284"", ""D00285""]",Pune,evening_shopper,18,22,5.4
C0191,low,458.66,160.53,"[""M0146"", ""M0075"", ""M0088"", ""M0070"", ""M0057""]","[""Travel"", ""Fashion""]","[""D00286""]",Pune,evening_shopper,18,22,1.5
C0192,medium,1589.54,556.34,"[""M0020"", ""M0052"", ""M0120"", ""M0138"", ""M0083""]","[""Entertainment"", ""Electronics"", ""Utilities""]","[""D00287""]",Bangalore,evening_shopper,18,22,4.1
C0193,medium,1720.34,602.12,"[""M0041"", ""M0116"", ""M0137"", ""M0089"", ""M0058"", ""M0030""]","[""Healthcare"", ""Fashion"", ""Utilities"", ""E-commerce""]","[""D00288"", ""D00289""]",Pune,night_owl,21,24,1.4
C0194,medium,2732.57,956.4,"[""M0145"", ""M0047"", ""M0106"", ""M0010"", ""M0052"", ""M0054"", ""M0085"", ""M0079"", ""M0088"", ""M0146""]","[""Utilities"", ""Entertainment"", ""Food Delivery"", ""Travel""]","[""D00290"", ""D00291""]",Delhi,evening_shopper,18,22,9.5
C0195,medium,1213.44,424.7,"[""M0067"", ""M0027"", ""M0082"", ""M0007"", ""M0135"", ""M0120"", ""M0087"", ""M0136"", ""M0093""]","[""Fuel"", ""Electronics"", ""Fashion""]","[""D00292""]",Kolkata,morning_person,7,11,5.0
C0196,high,5345.06,1870.77,"[""M0041"", ""M0010"", ""M0102"", ""M0052"", ""M0039"", ""M0085""]","[""Healthcare"", ""Entertainment"", ""Food Delivery""]","[""D00293""]",Hyderabad,night_owl,21,24,0.5
C0197,medium,1600.25,560.09,"[""M0146"", ""M0060"", ""M0098"", ""M0069"", ""M0030"", ""M0024"", ""M0137"", ""M0014"", ""M0131""]","[""Travel"", ""Grocery"", ""E-commerce"", ""Utilities""]","[""D00294""]",Pune,night_owl,21,24,1.5
C0198,medium,1051.8,368.13,"[""M0100"", ""M0121"", ""M0062"", ""M0144"", ""M0064""]","[""Grocery"", ""Electronics"", ""E-commerce""]","[""D00295""]",Chennai,lunch_shopper,12,15,4.1
C0199,medium,1217.37,426.08,"[""M0008"", ""M0068"", ""M0081"", ""M0003"", ""M0114""]","[""Healthcare"", ""Travel"", ""Entertainment""]","[""D00296""]",Pune,lunch_shopper,12,15,3.5
C0200,medium,1235.72,432.5,"[""M0068"", ""M0021"", ""M0136"", ""M0105"", ""M0061""]","[""Healthcare"", ""Fashion"", ""Utilities""]","[""D00297"", ""D00298""]",Delhi,morning_person,7,11,5.7
C0201,medium,1735.31,607.36,"[""M0009"", ""M0069"", ""M0084"", ""M0111""]","[""E-commerce"", ""Fuel""]","[""D00299"", ""D00300""]",Bangalore,lunch_shopper,12,15,8.6
C0202,low,289.72,101.4,"[""M0114"", ""M0082"", ""M0027"", ""M0113"", ""M0015"", ""M0087""]","[""Entertainment"", ""Fuel"", ""Grocery"", ""Fashion""]","[""D00301""]",Mumbai,night_owl,21,24,1.3
C0203,low,550.78,192.77,"[""M0084"", ""M0073"", ""M0023"", ""M0075"", ""M0088"", ""M0146""]","[""E-commerce"", ""Fashion"", ""Travel""]","[""D00302"", ""D00303""]",Ahmedabad,lunch_shopper,12,15,2.0
C0204,low,570.44,199.65,"[""M0043"", ""M0078"", ""M0115"", ""M0060"", ""M0088"", ""M0075"", ""M0071"", ""M0027""]","[""Healthcare"", ""Travel"", ""Fuel""]","[""D00304""]",Chennai,evening_shopper,18,22,9.3
C0205,high,5438.62,1903.52,"[""M0065"", ""M0010"", ""M0111"", ""M0027"", ""M0053"", ""M0144"", ""M0064""]","[""Electronics"", ""Entertainment"", ""Fuel"", ""E-commerce""]","[""D00305"", ""D00306"", ""D00307""]",Mumbai,lunch_shopper,12,15,2.4
C0206,low,447.85,156.75,"[""M0010"", ""M0055"", ""M0020"", ""M0026"", ""M0104"", ""M0137""]","[""Entertainment"", ""Healthcare"", ""Utilities""]","[""D00308"", ""D00309""]",Hyderabad,morning_person,7,11,2.6
C0207,medium,1614.75,565.16,"[""M0043"", ""M0072"", ""M0095"", ""M0055""]","[""Healthcare"", ""Entertainment""]","[""D00310"", ""D00311""]",Hyderabad,night_owl,21,24,12.1
C0208,medium,1365.04,477.76,"[""M0078"", ""M0049"", ""M0002"", ""M0020""]","[""Healthcare"", ""Utilities"", ""Entertainment""]","[""D00312""]",Kolkata,lunch_shopper,12,15,6.4
C0209,low,267.35,93.57,"[""M0076"", ""M0021"", ""M0078"", ""M0050""]","[""Healthcare"", ""Utilities""]","[""D00313"", ""D00314""]",Mumbai,evening_shopper,18,22,1.3
C0210,low,675.52,236.43,"[""M0043"", ""M0079""]","[""Healthcare"", ""Travel""]","[""D00315"", ""D00316""]",Delhi,evening_shopper,18,22,1.6
C0211,high,5421.23,1897.43,"[""M0021"", ""M0068"", ""M0046""]","[""Healthcare"", ""Food Delivery""]","[""D00317""]",Hyderabad,lunch_shopper,12,15,2.8
C0212,high,6423.53,2248.24,"[""M0124"", ""M0092"", ""M0086"", ""M0108"", ""M0054""]","[""Fuel"", ""Grocery"", ""Entertainment"", ""Food Delivery""]","[""D00318"", ""D00319"", ""D00320""]",Mumbai,lunch_shopper,12,15,3.6
C0213,low,316.22,110.68,"[""M0123"", ""M0039"", ""M0044"", ""M0014"", ""M0050"", ""M0075"", ""M0146"", ""M0060"", ""M0109""]","[""Food Delivery"", ""Utilities"", ""Travel"", ""Grocery""]","[""D00321""]",Pune,lunch_shopper,12,15,7.2
C0214,medium,1724.71,603.65,"[""M0100"", ""M0113"", ""M0112"", ""M0021"", ""M0097"", ""M0052"", ""M0054"", ""M0074"", ""M0085""]","[""Grocery"", ""Healthcare"", ""Entertainment"", ""Food Delivery""]","[""D00322""]",Chennai,night_owl,21,24,7.7
C0215,low,520.38,182.13,"[""M0130"", ""M0135"", ""M0094"", ""M0115""]","[""Electronics"", ""Healthcare""]","[""D00323"", ""D00324""]",Chennai,night_owl,21,24,4.0
C0216,low,355.17,124.31,"[""M0093"", ""M0105"", ""M0078"", ""M0026"", ""M0115"", ""M0074"", ""M0036""]","[""Fashion"", ""Healthcare"", ""Food Delivery""]","[""D00325"", ""D00326""]",Ahmedabad,morning_person,7,11,1.6
C0217,low,503.44,176.2,"[""M0058"", ""M0006"", ""M0048"", ""M0135"", ""M0095""]","[""E-commerce"", ""Electronics"", ""Entertainment""]","[""D00327""]",Ahmedabad,evening_shopper,18,22,2.2
C0218,low,443.96,155.39,"[""M0094"", ""M0082"", ""M0027"", ""M0001"", ""M0123"", ""M0054""]","[""Electronics"", ""Fuel"", ""Food Delivery""]","[""D00328""]",Bangalore,lunch_shopper,12,15,6.0
C0219,low,454.43,159.05,"[""M0120"", ""M0024""]","[""Electronics"", ""E-commerce""]","[""D00329""]",Hyderabad,lunch_shopper,12,15,1.4
C0220,low,433.45,151.71,"[""M0128"", ""M0145"", ""M0037"", ""M0005"", ""M0029""]","[""E-commerce"", ""Utilities"", ""Fuel""]","[""D00330""]",Ahmedabad,night_owl,21,24,2.1
C0221,low,639.62,223.87,"[""M0149"", ""M0065"", ""M0059""]","[""Electronics"", ""Fuel""]","[""D00331"", ""D00332"", ""D00333""]",Hyderabad,lunch_shopper,12,15,8.2
C0222,low,301.97,105.69,"[""M0010"", ""M0055"", ""M0038"", ""M0048"", ""M0130"", ""M0135"", ""M0144"", ""M0122"", ""M0085""]","[""Entertainment"", ""Electronics"", ""E-commerce"", ""Food Delivery""]","[""D00334"", ""D00335""]",Mumbai,lunch_shopper,12,15,4.1
C0223,low,288.99,101.15,"[""M0102"", ""M0052"", ""M0038"", ""M0094"", ""M0138""]","[""Entertainment"", ""Electronics""]","[""D00336""]",Delhi,lunch_shopper,12,15,8.9
C0224,low,520.17,182.06,"[""M0007"", ""M0148"", ""M0130"", ""M0087"", ""M0142"", ""M0108"", ""M0046"", ""M0080"", ""M0013"", ""M0098""]","[""Electronics"", ""Fashion"", ""Food Delivery"", ""Grocery""]","[""D00337""]",Kolkata,night_owl,21,24,15.9
C0225,low,509.19,178.22,"[""M0008"", ""M0042"", ""M0099"", ""M0118""]","[""Healthcare"", ""Electronics""]","[""D00338""]",Chennai,night_owl,21,24,5.6
C0226,medium,1579.81,552.93,"[""M0003"", ""M0002"", ""M0020"", ""M0008"", ""M0138"", ""M0062"", ""M0028""]","[""Entertainment"", ""Healthcare"", ""Electronics"", ""E-commerce""]","[""D00339"", ""D00340""]",Chennai,night_owl,21,24,4.6
C0227,medium,2603.49,911.22,"[""M0012"", ""M0065"", ""M0146"", ""M0114""]","[""Electronics"", ""Travel"", ""Entertainment""]","[""D00341"", ""D00342"", ""D00343""]",Hyderabad,lunch_shopper,12,15,8.2
C0228,low,520.7,182.25,"[""M0096"", ""M0049"", ""M0014"", ""M0012"", ""M0039"", ""M0085""]","[""Utilities"", ""Electronics"", ""Food Delivery""]","[""D00344"", ""D00345""]",Hyderabad,morning_person,7,11,3.6
C0229,low,366.18,128.16,"[""M0102"", ""M0019"", ""M0030"", ""M0062"", ""M0124"", ""M0111"", ""M0034""]","[""Entertainment"", ""Electronics"", ""E-commerce"", ""Fuel""]","[""D00346""]",Delhi,lunch_shopper,12,15,3.0
C0230,low,1055.33,369.37,"[""M0054"", ""M0108"", ""M0065"", ""M0064"", ""M0069"", ""M0009"", ""M0055"", ""M0072""]","[""Food Delivery"", ""Electronics"", ""E-commerce"", ""Entertainment""]","[""D00347""]",Kolkata,evening_shopper,18,22,4.9
C0231,low,469.94,164.48,"[""M0086"", ""M0111"", ""M0005"", ""M0029"", ""M0125"", ""M0011"", ""M0014"", ""M0040""]","[""Entertainment"", ""Fuel"", ""Utilities"", ""Healthcare""]","[""D00348""]",Delhi,morning_person,7,11,2.3
C0232,low,636.3,222.7,"[""M0114"", ""M0102"", ""M0095"", ""M0049"", ""M0077"", ""M0053""]","[""Entertainment"", ""Utilities"", ""E-commerce""]","[""D00349""]",Ahmedabad,evening_shopper,18,22,1.0
C0233,low,334.11,116.94,"[""M0125"", ""M0001"", ""M0027"", ""M0029""]","[""Utilities"", ""Fuel""]","[""D00350""]",Mumbai,morning_person,7,11,0.8
C0234,medium,1368.92,479.12,"[""M0042"", ""M0021"", ""M0085"", ""M0036"", ""M0074""]","[""Healthcare"", ""Food Delivery""]","[""D00351""]",Delhi,lunch_shopper,12,15,2.7
C0235,low,454.04,158.91,"[""M0131"", ""M0106"", ""M0147"", ""M0026""]","[""Utilities"", ""Fashion"", ""Healthcare""]","[""D00352""]",Chennai,morning_person,7,11,5.9
C0236,medium,1412.1,494.23,"[""M0015"", ""M0105"", ""M0101""]","[""Fashion"", ""Travel""]","[""D00353""]",Chennai,evening_shopper,18,22,10.7
C0237,low,690.88,241.81,"[""M0091"", ""M0013"", ""M0076"", ""M0073"", ""M0030""]","[""Fashion"", ""Grocery"", ""Healthcare"", ""E-commerce""]","[""D00354""]",Chennai,night_owl,21,24,1.3
C0238,medium,1728.49,604.97,"[""M0037"", ""M0140"", ""M0089"", ""M0129""]","[""Utilities"", ""Electronics""]","[""D00355"", ""D00356""]",Hyderabad,morning_person,7,11,2.7
C0239,medium,1062.14,371.75,"[""M0105"", ""M0116"", ""M0074"", ""M0123"", ""M0085""]","[""Fashion"", ""Food Delivery""]","[""D00357"", ""D00358"", ""D00359""]",Mumbai,evening_shopper,18,22,3.3
C0240,medium,1552.27,543.29,"[""M0003"", ""M0120""]","[""Entertainment"", ""Electronics""]","[""D00360"", ""D00361"", ""D00362""]",Mumbai,night_owl,21,24,3.4
C0241,low,489.2,171.22,"[""M0134"", ""M0066"", ""M0034""]","[""Travel"", ""Fuel""]","[""D00363""]",Bangalore,morning_person,7,11,3.0
C0242,low,516.21,180.67,"[""M0044"", ""M0039"", ""M0025"", ""M0030"", ""M0053"", ""M0016"", ""M0093"", ""M0091"", ""M0004""]","[""Food Delivery"", ""E-commerce"", ""Fashion"", ""Grocery""]","[""D00364""]",Ahmedabad,night_owl,21,24,3.2
C0243,high,4175.43,1461.4,"[""M0075"", ""M0015"", ""M0148"", ""M0037""]","[""Travel"", ""Fashion"", ""Electronics"", ""Utilities""]","[""D00365"", ""D00366""]",Hyderabad,lunch_shopper,12,15,8.4
C0244,medium,666.6,233.31,"[""M0012"", ""M0123"", ""M0037"", ""M0032""]","[""Electronics"", ""Food Delivery"", ""Utilities""]","[""D00367""]",Hyderabad,evening_shopper,18,22,7.7
C0245,low,264.54,92.59,"[""M0053"", ""M0058"", ""M0006"", ""M0095"", ""M0052"", ""M0110""]","[""E-commerce"", ""Entertainment"", ""Grocery""]","[""D00368"", ""D00369""]",Hyderabad,lunch_shopper,12,15,4.1
C0246,medium,1371.35,479.97,"[""M0122"", ""M0078"", ""M0040"", ""M0097"", ""M0055"", ""M0052""]","[""Food Delivery"", ""Healthcare"", ""Entertainment""]","[""D00370""]",Bangalore,night_owl,21,24,0.9
C0247,low,390.2,136.57,"[""M0132"", ""M0095"", ""M0011"", ""M0089"", ""M0145""]","[""Grocery"", ""Entertainment"", ""Utilities""]","[""D00371""]",Hyderabad,evening_shopper,18,22,2.5
C0248,low,482.57,168.9,"[""M0034"", ""M0027"", ""M0088"", ""M0049"", ""M0011"", ""M0050""]","[""Fuel"", ""Travel"", ""Utilities""]","[""D00372"", ""D00373""]",Ahmedabad,morning_person,7,11,6.4
C0249,medium,2167.8,758.73,"[""M0060"", ""M0082"", ""M0091""]","[""Travel"", ""Fuel"", ""Fashion""]","[""D00374""]",Hyderabad,morning_person,7,11,1.8
C0250,medium,1189.76,416.42,"[""M0045"", ""M0049"", ""M0109"", ""M0110"", ""M0004""]","[""Utilities"", ""Grocery""]","[""D00375"", ""D00376""]",Chennai,evening_shopper,18,22,2.2
C0251,high,5691.97,1992.19,"[""M0010"", ""M0055"", ""M0018"", ""M0040"", ""M0046"", ""M0036"", ""M0108""]","[""Entertainment"", ""Fashion"", ""Healthcare"", ""Food Delivery""]","[""D00377"", ""D00378""]",Hyderabad,night_owl,21,24,2.5
C0252,low,460.0,161.0,"[""M0105"", ""M0002"", ""M0071"", ""M0026"", ""M0021"", ""M0076""]","[""Fashion"", ""Entertainment"", ""Fuel"", ""Healthcare""]","[""D00379""]",Mumbai,evening_shopper,18,22,5.5
C0253,medium,1691.34,591.97,"[""M0109"", ""M0056"", ""M0135"", ""M0124"", ""M0082""]","[""Grocery"", ""Electronics"", ""Fuel""]","[""D00380""]",Ahmedabad,night_owl,21,24,9.6
C0254,low,364.26,127.49,"[""M0075"", ""M0034"", ""M0111""]","[""Travel"", ""Fuel""]","[""D00381""]",Pune,evening_shopper,18,22,5.1
C0255,low,449.05,157.17,"[""M0030"", ""M0084"", ""M0064"", ""M0143"", ""M0106"", ""M0094""]","[""E-commerce"", ""Grocery"", ""Utilities"", ""Electronics""]","[""D00382""]",Hyderabad,morning_person,7,11,0.6
C0256,low,836.65,292.83,"[""M0002"", ""M0020"", ""M0048"", ""M0005"", ""M0051"", ""M0034""]","[""Entertainment"", ""Electronics"", ""Fuel""]","[""D00383"", ""D00384""]",Mumbai,morning_person,7,11,2.2
C0257,medium,2027.79,709.73,"[""M0113"", ""M0063"", ""M0150"", ""M0043"", ""M0042""]","[""Grocery"", ""Healthcare""]","[""D00385""]",Delhi,night_owl,21,24,8.0
C0258,low,291.22,101.93,"[""M0032"", ""M0014"", ""M0015"", ""M0105"", ""M0003"", ""M0114""]","[""Utilities"", ""Fashion"", ""Entertainment""]","[""D00386"", ""D00387""]",Ahmedabad,evening_shopper,18,22,1.0
C0259,low,834.17,291.96,"[""M0086"", ""M0114"", ""M0135"", ""M0007"", ""M0075"", ""M0101""]","[""Entertainment"", ""Electronics"", ""Travel""]","[""D00388""]",Kolkata,lunch_shopper,12,15,2.1
C0260,low,659.54,230.84,"[""M0147"", ""M0091"", ""M0093"", ""M0049"", ""M0035"", ""M0112""]","[""Fashion"", ""Utilities"", ""Grocery""]","[""D00389"", ""D00390""]",Pune,night_owl,21,24,3.3
C0261,low,441.83,154.64,"[""M0128"", ""M0069"", ""M0150"", ""M0127"", ""M0092"", ""M0007""]","[""E-commerce"", ""Grocery"", ""Electronics""]","[""D00391"", ""D00392""]",Mumbai,lunch_shopper,12,15,3.2
C0262,low,940.65,329.23,"[""M0138"", ""M0118"", ""M0068"", ""M0097"", ""M0032"", ""M0140""]","[""Electronics"", ""Healthcare"", ""Utilities""]","[""D00393"", ""D00394""]",Delhi,night_owl,21,24,5.4
C0263,low,518.67,181.53,"[""M0034"", ""M0055"", ""M0020"", ""M0041""]","[""Fuel"", ""Entertainment"", ""Healthcare""]","[""D00395""]",Bangalore,morning_person,7,11,2.9
C0264,low,334.78,117.17,"[""M0118"", ""M0138"", ""M0129"", ""M0126"", ""M0059"", ""M0113"", ""M0133"", ""M0127""]","[""Electronics"", ""Utilities"", ""Fuel"", ""Grocery""]","[""D00396""]",Mumbai,lunch_shopper,12,15,3.6
C0265,low,522.57,182.9,"[""M0143"", ""M0132"", ""M0056"", ""M0084""]","[""Grocery"", ""E-commerce""]","[""D00397""]",Ahmedabad,night_owl,21,24,1.4
C0266,low,899.35,314.77,"[""M0016"", ""M0032"", ""M0141""]","[""Fashion"", ""Utilities""]","[""D00398"", ""D00399""]",Hyderabad,night_owl,21,24,5.6
C0267,medium,1598.48,559.47,"[""M0003"", ""M0108"", ""M0080"", ""M0051"", ""M0034"", ""M0067"", ""M0008"", ""M0099""]","[""Entertainment"", ""Food Delivery"", ""Fuel"", ""Healthcare""]","[""D00400""]",Hyderabad,night_owl,21,24,6.6
C0268,low,364.63,127.62,"[""M0086"", ""M0138""]","[""Entertainment"", ""Electronics""]","[""D00401"", ""D00402""]",Mumbai,evening_shopper,18,22,4.8
C0269,medium,852.13,298.25,"[""M0127"", ""M0143"", ""M0150"", ""M0044"", ""M0089"", ""M0037""]","[""Grocery"", ""Food Delivery"", ""Utilities""]","[""D00403""]",Delhi,night_owl,21,24,1.0
C0270,low,443.9,155.36,"[""M0107"", ""M0015"", ""M0128"", ""M0084"", ""M0041"", ""M0115""]","[""Fashion"", ""E-commerce"", ""Healthcare""]","[""D00404""]",Delhi,night_owl,21,24,3.9
C0271,medium,1232.19,431.27,"[""M0120"", ""M0138"", ""M0094"", ""M0119"", ""M0018"", ""M0055"", ""M0043""]","[""Electronics"", ""Fashion"", ""Entertainment"", ""Healthcare""]","[""D00405""]",Bangalore,night_owl,21,24,0.9
C0272,medium,2213.64,774.77,"[""M0028"", ""M0146"", ""M0101"", ""M0060"", ""M0086"", ""M0002"", ""M0010""]","[""E-commerce"", ""Travel"", ""Entertainment""]","[""D00406"", ""D00407"", ""D00408""]",Hyderabad,lunch_shopper,12,15,1.5
C0273,medium,1113.41,389.69,"[""M0058"", ""M0107""]","[""E-commerce"", ""Fashion""]","[""D00409""]",Hyderabad,lunch_shopper,12,15,15.8
C0274,low,507.04,177.46,"[""M0031"", ""M0079"", ""M0075"", ""M0150"", ""M0117"", ""M0148""]","[""Travel"", ""Grocery"", ""Electronics""]","[""D00410""]",Hyderabad,night_owl,21,24,3.8
C0275,low,414.6,145.11,"[""M0111"", ""M0005"", ""M0034"", ""M0052"", ""M0044""]","[""Fuel"", ""Entertainment"", ""Food Delivery""]","[""D00411""]",Ahmedabad,lunch_shopper,12,15,3.7
C0276,high,2960.56,1036.2,"[""M0142"", ""M0015"", ""M0011"", ""M0106"", ""M0037"", ""M0044"", ""M0122"", ""M0036"", ""M0034""]","[""Fashion"", ""Utilities"", ""Food Delivery"", ""Fuel""]","[""D00412"", ""D00413""]",Pune,evening_shopper,18,22,6.6
C0277,low,487.6,170.66,"[""M0085"", ""M0054"", ""M0117"", ""M0146"", ""M0101"", ""M0021"", ""M0008"", ""M0076""]","[""Food Delivery"", ""Grocery"", ""Travel"", ""Healthcare""]","[""D00414""]",Chennai,evening_shopper,18,22,10.3
C0278,low,308.78,108.07,"[""M0106"", ""M0074"", ""M0088"", ""M0081"", ""M0082"", ""M0111""]","[""Utilities"", ""Food Delivery"", ""Travel"", ""Fuel""]","[""D00415""]",Mumbai,evening_shopper,18,22,2.4
C0279,medium,1789.56,626.35,"[""M0057"", ""M0015"", ""M0058"", ""M0028"", ""M0128"", ""M0112"", ""M0150"", ""M0001"", ""M0071"", ""M0111""]","[""Fashion"", ""E-commerce"", ""Grocery"", ""Fuel""]","[""D00416""]",Pune,lunch_shopper,12,15,6.5
C0280,low,290.37,101.63,"[""M0142"", ""M0093"", ""M0146"", ""M0041"", ""M0066""]","[""Fashion"", ""Travel"", ""Healthcare"", ""Fuel""]","[""D00417"", ""D00418""]",Hyderabad,lunch_shopper,12,15,7.2
C0281,low,481.87,168.65,"[""M0079"", ""M0017"", ""M0102"", ""M0059"", ""M0051"", ""M0041"", ""M0078""]","[""Travel"", ""Entertainment"", ""Fuel"", ""Healthcare""]","[""D00419"", ""D00420""]",Bangalore,evening_shopper,18,22,5.2
C0282,medium,2037.28,713.05,"[""M0078"", ""M0115"", ""M0099"", ""M0058""]","[""Healthcare"", ""E-commerce""]","[""D00421"", ""D00422""]",Ahmedabad,lunch_shopper,12,15,3.7
C0283,low,582.85,204.0,"[""M0056"", ""M0079"", ""M0080"", ""M0122"", ""M0057"", ""M0105""]","[""Grocery"", ""Travel"", ""Food Delivery"", ""Fashion""]","[""D00423""]",Kolkata,lunch_shopper,12,15,7.0
C0284,medium,1291.91,452.17,"[""M0001"", ""M0124"", ""M0066"", ""M0017"", ""M0010"", ""M0045"", ""M0106"", ""M0032""]","[""Fuel"", ""Entertainment"", ""Utilities""]","[""D00424""]",Mumbai,lunch_shopper,12,15,5.2
C0285,low,560.53,196.19,"[""M0004"", ""M0013"", ""M0047"", ""M0083"", ""M0011"", ""M0146"", ""M0079"", ""M0015""]","[""Grocery"", ""Utilities"", ""Travel"", ""Fashion""]","[""D00425""]",Chennai,lunch_shopper,12,15,3.9
C0286,low,629.89,220.46,"[""M0108"", ""M0122"", ""M0010"", ""M0003"", ""M0065""]","[""Food Delivery"", ""Entertainment"", ""Electronics""]","[""D00426"", ""D00427"", ""D00428""]",Bangalore,evening_shopper,18,22,3.7
C0287,low,356.27,124.69,"[""M0037"", ""M0077"", ""M0106"", ""M0079"", ""M0075"", ""M0001"", ""M0029"", ""M0057""]","[""Utilities"", ""Travel"", ""Fuel"", ""Fashion""]","[""D00429"", ""D00430""]",Ahmedabad,lunch_shopper,12,15,6.9
C0288,low,691.4,241.99,"[""M0031"", ""M0101"", ""M0088"", ""M0114"", ""M0072"", ""M0007"", ""M0129"", ""M0149"", ""M0035"", ""M0140"", ""M0011""]","[""Travel"", ""Entertainment"", ""Electronics"", ""Utilities""]","[""D00431"", ""D00432""]",Pune,morning_person,7,11,3.1
C0289,low,652.94,228.53,"[""M0041"", ""M0068"", ""M0026"", ""M0004"", ""M0118"", ""M0130""]","[""Healthcare"", ""Grocery"", ""Electronics""]","[""D00433""]",Hyderabad,morning_person,7,11,2.2
C0290,medium,971.12,339.89,"[""M0125"", ""M0086"", ""M0003"", ""M0020"", ""M0033""]","[""Utilities"", ""Entertainment"", ""Grocery""]","[""D00434"", ""D00435"", ""D00436""]",Kolkata,night_owl,21,24,4.8
C0291,low,526.7,184.34,"[""M0074"", ""M0101"", ""M0081"", ""M0060""]","[""Food Delivery"", ""Travel""]","[""D00437""]",Pune,morning_person,7,11,2.2
C0292,low,455.63,159.47,"[""M0008"", ""M0082""]","[""Healthcare"", ""Fuel""]","[""D00438""]",Ahmedabad,morning_person,7,11,3.7
C0293,medium,2284.94,799.73,"[""M0021"", ""M0099"", ""M0115"", ""M0095"", ""M0017"", ""M0065"", ""M0149"", ""M0013"", ""M0033""]","[""Healthcare"", ""Entertainment"", ""Electronics"", ""Grocery""]","[""D00439""]",Chennai,lunch_shopper,12,15,3.9
C0294,high,6376.21,2231.67,"[""M0005"", ""M0124"", ""M0001"", ""M0037"", ""M0063"", ""M0109"", ""M0110""]","[""Fuel"", ""Utilities"", ""Grocery""]","[""D00440""]",Ahmedabad,night_owl,21,24,4.1
C0295,medium,1517.3,531.05,"[""M0012"", ""M0059"", ""M0066"", ""M0101"", ""M0134""]","[""Electronics"", ""Fuel"", ""Travel""]","[""D00441""]",Hyderabad,night_owl,21,24,6.9
C0296,medium,2136.56,747.8,"[""M0135"", ""M0007"", ""M0019"", ""M0052""]","[""Electronics"", ""Entertainment""]","[""D00442"", ""D00443""]",Ahmedabad,night_owl,21,24,1.9
C0297,medium,2950.32,1032.61,"[""M0078"", ""M0008"", ""M0102"", ""M0010"", ""M0055"", ""M0033"", ""M0113"", ""M0014"", ""M0032""]","[""Healthcare"", ""Entertainment"", ""Grocery"", ""Utilities""]","[""D00444""]",Mumbai,evening_shopper,18,22,2.5
C0298,medium,893.77,312.82,"[""M0088"", ""M0060"", ""M0079"", ""M0090"", ""M0139"", ""M0107""]","[""Travel"", ""Fashion""]","[""D00445"", ""D00446""]",Delhi,night_owl,21,24,0.5
C0299,low,434.39,152.04,"[""M0125"", ""M0128"", ""M0058"", ""M0060"", ""M0051"", ""M0029""]","[""Utilities"", ""E-commerce"", ""Travel"", ""Fuel""]","[""D00447""]",Pune,evening_shopper,18,22,2.7
C0300,high,3634.28,1272.0,"[""M0101"", ""M0146"", ""M0134"", ""M0018""]","[""Travel"", ""Fashion""]","[""D00448""]",Delhi,night_owl,21,24,1.3
